Respondent_ID,Class,treatment,Institution_Type,P1,P2,P3a,P3b,P4,P5,P6,P7,P8a,P8b,P8c,P8d,P9a,P9b,P10a,P10b,P10c,P10d,P11,P12_Distrito_1,P12_Distrito_2,P12_Distrito_3,P12_Distrito_4,P12_Distrito_5,P12_Distrito_6,P12_Distrito_7,P12_Distrito_8,P12_Distrito_9,P_12_Total(Respondent says Yes or no?),Actual Total,P_13 D_1 Left Column,P_13 D_2 Left Column,P_13 D_3 Left Column,P_13 D_4 Left Column,P_13 D_5 Left Column,P_13 D_6 Left Column,P_13 D_7 Left Column,P_13 D_8 Left Column,P_13 D_9 Left Column,P_13 D_1 Right Column,P_13 D_2 Right Column,P_13 D_3 Right Column,P_13 D_4 Right Column,P_13 D_5 Right Column,P_13 D_6 Right Column,P_13 D_7 Right Column,P_13 D_8 Right Column,P_13 D_9 Right Column,P_13_Total(Respondent says Yes or no?),Actual Total,Language,Coded by,Coder_Notes
1,Adrain 2,1,MR,,Ciencia Politica,Si,Relaciones Internacionales,Desarrollo social y economico,Masculino,22,NO,Urbana,Puebla,N/A,Puebla,Si,Puebla,Una vez al mes,Una vez a la semana,Una vez al mes,Una vez al ano,B. Los distritos en disputa,10000,5000,0,28000,35000,17000,0,0,5000,Yes,100000,0,0,0,14000,17500,8500,0,0,5000,10000,5000,0,14000,17500,8500,0,0,5000,Yes,105000,,Alan,
2,Adrian 2,1,MR,Si,Ciencia Politica ,No,,Compaortamiento politico ,Masculino,24,Pastido Acciou Nacional ,Urbana,Leou,,Leou,Si,Guanajuato,Una vez al ano,Una vez a la semana,Una vez al ano ,No se,B. Los distritos en disputa,8000,6000,6000,20000,20000,20000,5000,5000,10000,,100000,1000,3000,3000,15000,15000,15000,5000,5000,5000,7000,6000,6000,5000,5000,5000,,,5000,Si,106000,,Esha,
3,Adrian 2,3,MR,,Ciencia Politica,No,N/A,Elecciones y partidos politicos,Masculino,23,Morena,Urbana,Benito Juares,N/A,Benito Juares,Si,Clrux,Una vez al mes,Una vez a la semana,Una vez al mes,Una vez al mes,B. Los distritos en disputa,10000,10000,10000,10000,10000,10000,10000,10000,20000,N/A,100000,10000,10000,5000,10000,0,5000,5000,5000,0,10000,10000,5000,10000,0,5000,5000,5000,0,N/A,100000,,Alan,
4,Adrian 2,4,RP,,Ciencia Politica,No,N/A,Comportamiento politico,Mujer,N/A,N/A,Urbana,"D.F, Miguel Hidalgo",N/A,"D.F., Cuajimalpa",Si,D.F. Gustavo A. Madero,Una vez al ano,Una vez a la semana,Una vez al ano,Una vez al ano,B. Los distritos en disputa,15000,15000,10000,15000,15000,15000,5000,5000,5000,yes,100000,10000,10000,8000,10000,10000,10000,2000,2000,2000,5000,5000,2000,5000,5000,5000,3000,3000,3000,Yes,100000,,Alan,
5,Adrian 2,4,RP,,Ciencia Politica,No,N/A,Desarrollo social y economico,Mujer,25,N/A,Urbana,Tuxtla Gutierrez,N/A,"Tuxtla Gtz, Chiapas",Si,"Tuxtla Gtz, Chiapas",Nunca,Una vez a la semana,Una vez al ano,Una vez al ano,B. Los distritos en disputa,10000,10000,10000,15000,15000,20000,5000,5000,10000,N/A,100000,5000,9000,10000,10000,15000,15000,0,5000,5000,5000,1000,0,5000,0,5000,5000,0,5000,Yes,100000,,Alan,
6,Adrian 2,1,MR,,Ciencia Politica,No,N/A,Instituciones politicas,Masculino,25,NO,Rural,"San Pedro Tlacotepec, Tlax",N/A,"Lezaro Capidenas, Cuautitlan, Estado de Mexico",Si,"Cuautitlain, Estado de Mexico",Nunca,Una vez a la semana,Una vez al ano,Nunca,B. Los distritos en disputa,10000,10000,10000,20000,15000,15000,2000,2000,16000,Yes,100000,3000,3000,3000,15000,10000,10000,0,0,15000,7000,7000,7000,5000,5000,5000,2000,2000,1000,Yes,100000,,Alan,
7,Adrian 2,3,MR,,Ciencia Politica,Si,filosofia,Derechos humanos,N/A,25,PRI,Urbana,Tlalpan,N/A,"Escuela de Lancaster AC, Tlalpan",Si,"CMX, Tlalpan",No se,Una vez a la semana,Nunca,Una vez al ano,B. Los distritos en disputa,6000,10000,10000,22000,20000,7000,6000,6000,8000,N/A,95000,5000,4000,8000,10000,10000,2000,0,1000,1000,1000,6000,2000,12000,10000,5000,6000,5000,7000,Yes,95000,,Alan,
8,Adrian 2,1,MR,,Ciencia Politica,No,N/A,Derechos humanos,Femenino,24,N/A,Urbana,"CDMX, Magdalena Contreras",N/A,"CDMX, Tlalpan",Si,"Lomas de San Angel Inn, CDMX",Una vez al ano,Una vez a la semana,Una vez al ano,Nunca,C. Los bastioned de mi rival,13000,13000,13000,20000,16000,16000,3000,3000,3000,N/A,100000,0,0,0,16669,16666,16666,3333,3333,3333,13333,13333,13333,0,0,0,0,0,0,Yes,99999,,Alan,
9,Adrian 2,2,RP,,Ciencia Politica,Si,Economia,Desarrollo social y economico,Hombre,23,No,Urbana,Monterrey,N/A,"Nanjing, China",No,N/A,Nunca,Una vez a la semana,Nunca,Nunca,B. Los distritos en disputa,15000,0,0,25000,25000,20000,5000,5000,5000,Yes,100000,10000,10000,10000,15000,15000,15000,2000,2000,1000,4000,2000,1000,6000,6000,6000,5000,5000,4000,No,119000,,Alan,
10,Adrian 2,2,RP,,Economia,Si,Ciencia Politica,Desarrollo social y economico,Femenino,24,No,Urbana,"Azcapotzalco, CDMX",N/A,Estado de Mexico,Si,"Azcapotzalco, CDMX",Una vez al ano,Una vez a la semana,Nunca,Una vez al ano,B. Los distritos en disputa,10000,10000,10000,20000,20000,20000,0,0,10000,N/A,100000,6000,6000,6000,12000,12000,12000,0,0,6000,4000,4000,4000,8000,8000,8000,0,0,4000,N/A,100000,,Alan,
11,Adrian 2,3,MR,,Ciencia Politica,No,N/A,Desarrollo social y economico,Masculino,23,No,Rural,Jilotzingo-Edo. Mex,N/A,Navcalpan du Juares Edo Mex,Si,Edo Mex- Jilotzingo,Una vez al ano,Una vez a la semana,Una vez al ano,Una vez al ano,B. Los distritos en disputa,15000,15000,15000,0,20000,20000,5000,5000,5000,Yes,100000,7000,7000,7000,5000,10000,10000,3000,3000,3000,8000,8000,8000,0,10000,10000,2000,2000,2000,Yes,105000,,Alan,
12,Adrian 2,4,RP,,Ciencia Politica,No,N/A,Elecciones y partidos politicos,Masculino,26,PRI,Urbana,"San Luis Potosi, SLP",N/A,"San Luis Potosi, SLP",Si,"San Luis Potosi, SLP",Una vez al ano,Una vez a la semana,Nunca,Una vez al ano,B. Los distritos en disputa,8000,6000,5000,15000,15000,15000,12000,12000,12000,Yes,100000,0,0,0,5000,5000,5000,0,8000,8000,8000,7000,7000,12000,11000,10000,0,2000,2000,Yes,90000,,Alan,
13,Adrian 2,2,RP,,Ciencia Politica,Si,Relaciones Internacionales,Derechos humanos,Femenino,23,No,Urbana,Coyoacan,N/A,Coyoacan,Si,"CDMX, Coyoacain",Una vez al mes,Una vez a la semana,Nunca,Una vez al ano,B. Los distritos en disputa,10000,15000,15000,30000,15000,15000,0,0,0,Yes,100000,7000,5000,3000,8500,8000,9000,3000,2000,5000,2000,3000,1500,4000,3000,3000,1500,1500,1000,No,71000,,Alan,
14,Magar 2,1,MR,,Ciencia Politica,Si,Relaciones Internacionales,Elecciones y partidos politicos,Femenino,21,Partido Encuentio Social,Urbana,"Cancun, Quintana. Roo",N/A,"Guam, Cancun, Quintana.Roo",No,N/A,Una vez a la semana,Una vez a la semana,Nunca,Nunca,A. Los Bastiones de mi partido ,20000,17000,13000,5000,3000,2000,9000,13000,18000,Yes,100000,5000,5000,3000,4000,2000,1000,6000,8000,12000,15000,12000,10000,1000,1000,1000,3000,5000,6000,Yes,100000,,Alan,
15,Magar 2,2,RP,,Ciencia Politica,No,N/A,Instituciones politicas,Femenino,24,No,Urbana,"Benito Juarez, CDMX",N/A,"Benit Juarez, CDMX",Si,"CDMX, Benito Juarez",Nunca,Una vez al mes,Nunca,Nunca,B. Los distritos en disputa,5000,5000,5000,20000,20000,20000,5000,10000,10000,N/A,100000,3000,2500,2500,15000,16000,17000,2500,6000,5000,2000,2500,2500,5000,4000,3000,2500,4000,5000,Yes,100000,,Alan,
16,Magar 2,2,RP,,Derecho,Si,Ciencia Politica,Instituciones politicas,Mujer,23,No,Urbana,"Jalisco, Zapopan",N/A,American School Foundation of Guacalaica,Si,"Zcoopun, Jalisco",Una vez a la semana,Una vez a la semana,Una vez al mes,Una vez al ano,B. Los distritos en disputa,20000,15000,5000,10000,20000,10000,10000,5000,5000,N/A,100000,5000,2000,8000,2000,10000,8000,5000,5000,5000,5000,2000,8000,2000,10000,8000,5000,5000,5000,Yes,100000,,Alan,
17,Magar 2,1,MR,,Ciencia Politica,Si,Economia,Desarrollo social y economico,Masculino,22,No,Urbana,Atizapan de Zaragoza,N/A,"San Pedro Cholula, Puebla",Si,"Benito Juarez, Ciudad de Mexico",Nunca,Una vez a la semana,Nunca,Nunca,B. Los distritos en disputa,5000,5000,5000,20000,20000,10000,15000,10000,10000,Yes,100000,0,0,0,10000,10000,10000,10000,0,0,5000,5000,5000,10000,10000,10000,10000,2500,2500,Yes,100000,,Alan,
18,Magar 2,2,RP,,Ciencia Politica,Si,RR.II,Desarrollo social y economico,Masculino,23,No,Urbana,N/A,Bogota,"Santa fe, Mexico",No,N/A,Una vez al ano,Una vez a la semana,Nunca,Nunca,A. Los Bastiones de mi partido ,20000,20000,25000,6000,6000,5000,7000,5000,6000,Yes,100000,5000,0,0,5000,4000,2000,5000,4000,5000,15000,20000,25000,1000,2000,3000,2000,1000,1000,Yes,100000,,Alan,
19,Magar 2,3,MR,,Ciencia Politica,Si,Relaciones Internacionales,Elecciones y partidos politicos,Femenino,22,No,Urbana,"San jerenimo, Magdalena Contreras",N/A,"Las Flores, alvaro oblegon",Si,"Ciudad de Mexico, Magdalena Contreras",Nunca,Una vez a la semana,Nunca,Nunca,B. Los distritos en disputa,10000,10000,10000,15000,15000,10000,5000,5000,20000,N/A,100000,5000,5000,5000,7500,7500,5000,2500,2500,10000,5000,5000,5000,5500,7500,5000,2500,2500,10000,Yes,98000,,Alan,
20,Magar 2,3,MR,,Ciencia Politica,Si,Relaciones Internacionales,Instituciones politicas,Masculino,24,No,Urbana,"Col. Lomas de Telepen, Alvaro Obregon, CDMX",N/A,"Santa Fe, Alvaro Obregon, CDMX",Si,"Alvaro Obregon, CDMX",Nunca,Una vez a la semana,Nunca,Nunca,B. Los distritos en disputa,0,0,0,20000,10000,10000,0,30000,30000,Yes,100000,0,0,0,15000,0,0,0,25000,25000,0,0,0,5000,10000,10000,0,5000,5000,Yes,100000,,Alan,
21,Magar 2,1,MR,,Ciencia Politica,Si,Derecho,Desarrollo social y economico,Masculino,23,N/A,Urbana,"Cuautitlan Izcalli, Estado de Mexico",N/A,Cuautitlain Izcalli,Si,"Cuautitlain Izcalli, Estado de Mexico",Una vez al mes,Una vez a la semana,Una vez al ano,Una vez al ano,A. Los Bastiones de mi partido ,20000,15000,15000,10000,15000,20000,1000,2000,2000,Yes,100000,18000,12000,12000,8000,13000,17000,0,0,0,2000,3000,3000,2000,2000,3000,1000,2000,2000,Yes,100000,,Alan,
22,Magar 2,2,RP,,Ciencia Politica,No,N/A,Instituciones politicas,Femenino,21,No,Urbana,Ciudad de Mexico,N/A,Ciudad de Mexico,Si,CDMX(Magdalena Contreras),Una vez al ano,Una vez a la semana,Nunca,Nunca,B. Los distritos en disputa,7000,6000,5000,7000,5000,5000,50000,10000,5000,Yes,100000,3500,3000,2500,2000,3000,5000,25000,5000,3000,3500,3000,2500,3000,2000,0,25000,5000,3000,No,99000,,Alan,
23,Magar 2,4,RP,,Ciencia Politica,Si,matematicas aplicadas,Elecciones y partidos politicos,Mujer,21,N/A,Urbana,"Zapopan, Jalisco",N/A,"Zapopan, Jalisco",Si,"Zapopan, Jalisco",Nunca,Una vez a la semana,Nunca,Nunca,B. Los distritos en disputa,5700,5600,5600,23000,22000,22200,5700,5600,5600,N/A,101000,0,0,0,11000,11000,11000,5700,5600,5600,5700,5600,5600,12000,11000,11000,0,0,0,Yes,100800,,Alan,
24,Magar 2,4,RP,,Ciencia Politica,Si,Economia,Instituciones politicas,Masculino,23,Partido Accion Nacional,Urbana,"Del Valle, Benito Juarez",N/A,"ITESM CCM Tepepan, Tlalpan",Si,"Benito Juarez, Ciudad de Mexico",Nunca,Una vez a la semana,Una vez al ano,Una vez al ano,B. Los distritos en disputa,10000,10000,10000,20000,20000,20000,0,5000,5000,N/A,100000,0,0,0,15000,10000,8000,0,5000,5000,10000,10000,10000,5000,10000,12000,0,0,0,Yes,100000,,Alan,
25,Magar 2,4,RP,,Ciencia Politica,No,N/A,Comportamiento politico,Masculino,21,No,Urbana,"CDMX, Benito Juarez",N/A,Liceo Franco-Mexicano,No,N/A,Nunca,Una vez a la semana,Nunca,Una vez al ano,B. Los distritos en disputa,5000,5000,5000,20000,20000,25000,2500,2500,15000,Yes,100000,2000,2000,1000,15000,15000,15000,500,500,5000,3000,3000,4000,5000,5000,10000,2000,2000,10000,Yes,100000,,Alan,
26,Magar 2,1,MR,,Ciencia Politica,Si,Relaciones Internacionales,Comportamiento politico,Femenino,21,N/A,Urbana,Atizapan de Zaragoza,Estado de Mexico,Navcalpan de Juarez,Si,Atizapan de Zaragoza,Una vez al ano,Una vez a la semana,Una vez al ano,Una vez al ano,B. Los distritos en disputa,7500,7000,6800,15000,15800,16000,9000,10000,13500,Yes,100600,3000,3000,3000,10000,10000,8000,6000,7800,10000,4500,4000,3000,5000,5500,8000,3000,2800,3800,Yes,100400,,Alan,
27,Magar 2,2,RP,,Ciencia Politica,Si,Derecho,Elecciones y partidos politicos,Femenino,22,Morena,Urbana,"Atizapan de Zaragoza, E",N/A,Alemaier,Si,"Euo hix, Atjapari de Zaragoza",Una vez al mes,Una vez a la semana,Nunca,Nunca,C. Los bastioned de mi rival,5000,5000,5000,10000,10000,5000,20000,20000,20000,N/A,100000,0,0,0,0,0,0,0,0,0,2000,2000,1000,2000,2000,1000,10000,5000,5000,Yes,30000,,Alan,
28,Magar 2,3,MR,,Ciencia Politica,No,N/A,Desarrollo social y economico,Femenino,24,No,Urbana,"Gustavo A Madero, CDMX",N/A,"Gustavo A Madero, CDMX",Si,"Ciudad de Mexico (CDMX, Gustavo A. Madero)",Una vez al mes,Una vez a la semana,Nunca,Una vez al mes,B. Los distritos en disputa,5000,2500,2500,25000,25000,20000,1000,1000,18000,Yes,100000,0,0,0,15000,20000,5000,0,0,15000,5000,2500,2500,10000,10000,5000,5000,5000,5000,Yes,105000,,Alan,
29,Weldon,4,RP,,Ciencia Politica,No,N/A,Comportamiento politico,Femenino,19,No,Urbana,Toluca,N/A,ITESH Campus Toluca,Si,Estado de Mexico/ Toluca,Una vez al ano,Una vez a la semana,Una vez al ano,Nunca,C. Los bastioned de mi rival,16000,18000,20000,10000,11000,12000,2000,4000,6000,N/A,99000,12000,12000,12000,0,0,12000,0,0,0,0,0,0,10000,10000,0,10000,10000,10000,Yes,98000,,Alan,
30,Weldon,4,RP,,RRII - IR,Si ,Economia,Comportamiento politico,Masculino,23,Morimiento Ciudadano,Urbana,"San Luis Potosi, SLP",N/A,"SLP, SLP",Si,"SLP, SLP",Nunca,Una vez a la semana,Una vez al ano,Una vez al ano,B. Los distritos en disputa,10000,10000,10000,10000,1000,30000,0,0,10000,N/A,81000,10000,10000,10000,5000,5000,15000,0,0,5000,0,0,0,5000,500,1500,0,0,5000,Yes,72000,,Alan,
31,Weldon,4,RP,Si,Derecho,Si,Relacciones Internacionales,Instituciones Politicas,Masculino,21,No,Urbana,Torreon Coahuila,,Cividad de Mexico,Si,Coahuila Toreon,Una vez al ano ,Una vez a la semana,Nunca ,Una vez al ano,B. Los distritos en disputa,10000,10000,10000,15000,15000,10000,5000,10000,15000,,100000,3000,3000,3000,10000,10000,8000,1000,8000,10000,7000,7000,7000,5000,5000,2000,4000,2000,5000,Si,100000,,Esha,
32,Weldon,4,RP,Si,Relacciones Internacionles,No,,Desarrollo social y economico,Femenino,20,No,Urbana,"Benito Jucirez, CDMX",,"Delegacion Benito Juarez, CDMX",No,,Una vez al ano,Una vez a la semana,Nunca ,Nunca,B. Los distritos en disputa,9000,8000,7000,30000,20000,15000,3600,3600,3600,,99800,,,,25000,15000,10000,4000,4000,2000,7000,7000,7000,5000,5000,5000,,,,Si,96000,,Esha,
33,Weldon,4,RP,Si,Ciencia Politica ,No,,Desarrollo social y economico,Masculino,23,,Urbana,Santiago de Querétaro,,Quevretaro,Si,Quevretaro,Una vez a la semana,Una vez a la semana,Nunca ,Nunca,C. Los bastioned de mi rival,5000,5000,5000,"10,000","10,000","10,000","20,000","20,000","15,000",,100000,,,,5000,5000,4000,15000,15000,10000,5000,5000,5000,5000,5000,6000,5000,5000,5000,Si,100000,,Esha,
34,Weldon,3,MR,Si,Economia,Si,Economia,Desarrollo social y economico,Masculino,23,,Urbana,Oaxaca,,Oaxaca,Si,Oaxaco De Jaurez,Nunca,Una vez a la semana,Nunca ,Una vez al ano,C. Los bastioned de mi rival,11000,11000,11000,13000,10000,11000,10000,10000,13000,,100000,,,,20000,,,15000,15000,20000,5000,5000,,,10000,5000,,,,Si,95000,,Esha,
35,Weldon,3,MR,Si,Relacciones Internacionles,No,,Desarrollo social y economico,Femenino,23,Molena,Urbana,"Ilalpan, CDMX",,"CUAM, Alvaro Obregon, CDMX",Si,Ilalpan,Nunca,Una vez al mes,Nunca ,Nunca,B. Los distritos en disputa,5000,5000,5000,10000,10000,10000,25000,15000,15000,,100000,,,,,,,,,,,,,,,,,,,Si,0,,Esha,
36,Weldon,3,MR,Si,Ciencia Politica ,No,,Compaortamiento politico ,Masculino,21,No,Urbana,"CDMX, Benito Juirez",,"CDMX, Benito Juirez",Si,"CDMX, Benito Juirez",Nunca,Una vez a la semana,Nunca ,Una vez al ano,B. Los distritos en disputa,15000,15000,15000,250,27000,27000,250,250,250,,100000,7500,7500,7500,,27000,27000,,,,7500,7500,7500,250,,,250,250,250,Si,100000,,Esha,
37,Weldon,2,RP,Si,Ciencia Politica ,No,,Instituciones Politicas,Femenino,20,PRI,Urbana,Cudad de Mexico,,Cudad de Mexico,Si,Coyoacan,Nunca,Una vez a la semana,Nunca ,Nunca,B. Los distritos en disputa,5000,5000,5000,20000,20000,20000,25000,50000,25000,,175000,5000,5000,5000,2000,10000,20000,2000,,,,,,,,,,,,Si,49000,,Esha,
38,Weldon,1,MR,Si,Relacciones Internacionles,No,,Derechose Humanos ,Femenino,21,No,Urbana,,San Antonio Texas,Cividad de Mexico,Si,"Ciudad de Mexico, Miguel Hidalgo",Nunca,Una vez a la semana,Nunca ,Nunca,B. Los distritos en disputa,5000,5000,5000,20000,20000,20000,8300,8300,8300,,99900,,,,,,,,,,,,,,,,,,,,0,,Esha,
39,Weldon,1,MR,Si,Ciencia Politica ,Si,Derecho Constitucional,Instituciones Politicas,Indefinido,22,,Urbana,Izcalli,,Hindusta Delegacida GAM,Si,"Toltatlan, Estadode Mexico ",Nunca,Una vez a la semana,Una vez al mes,Una vez al ano,B. Los distritos en disputa,9000,9000,9000,15000,15000,15000,10000,9000,9000,,100000,4500,4500,4500,4000,4000,4000,0,0,0,4500,4500,4500,11000,11000,11000,10000,9000,9000,Si,100000,,Esha,
40,Weldon,1,MR,,Ciencia Politica ,SI,Derecho ,Desarrollo social y economico,Masculino,23,Morena,Urbana,Cuajiralpa,,Miguel Hedalgo,Si,"Ciudad de Mexico, Miguel Hidalgo",Nunca,Una vez a la semana,Una vez al ano ,Una vez al ano,B. Los distritos en disputa,10000,10000,10000,25000,15000,15000,5000,5000,5000,,100000,1000,1000,1000,20000,10000,10000,4500,4500,4500,9000,9000,9000,5000,5000,5000,500,500,500,Si,100000,,Esha,
41,Weldon,1,MR,Si,Relacciones Internacionles,No,,Desarrollo social y economico,Mujer,25,,Urbana,Acupalco de Juarez,,Acapulco,Si,Acapulco Gurrero,Nunca,Una vez a la semana,Nunca ,Una vez al ano,B. Los distritos en disputa,20000,0,0,10000,40000,30000,0,0,0,,100000,10000,0,0,10000,30000,25000,0,0,0,5000,2000,2000,5000,10000,5000,0,0,0,Si,104000,,Esha,
42,Weldon,1,MR,Si,Ciencia Politica ,No,,Desarrollo social y economico,Femenino,18,PRI,Rural,"Chulpana, Guerrero",,Acapulco de Juarez,Si,Acapulco Gurrero,Una vez al ano,Una vez al mes,Una vez al ano ,nunca,B. Los distritos en disputa,10000,10000,10000,20000,20000,20000,2500,2500,5000,,100000,5000,5000,5000,15000,15000,1500,0,0,0,15000,15000,15000,5000,5000,5000,2500,2500,2500,Si,114000,,Esha,
43,Weldon,1,MR,Si,Relacciones Internacionles,No,,Desarrollo social y economico,Mujer,21,,Urbana,Aeizaco ,,"Puebla, Puebla",No,,Nunca,Una vez a la semana,Nunca ,Una vez al ano,B. Los distritos en disputa,10000,8000,8000,10000,20000,20000,14000,5000,5000,,100000,8000,,,8000,10000,10000,6000,6000,8000,2000,5000,5000,2000,,,4000,4000,2000,Si,80000,,Esha,
44,Weldon,1,MR,Si,Ciencia Politica ,No,,Elecciones y partidos politicos,Masculino,19,No,Urbana,"Tlalpar, CDMX",,,Si,CDMX,Nunca,Una vez a la semana,Nunca ,Una vez al ano,B. Los distritos en disputa,5000,5000,5000,30000,10000,8000,7000,15000,15000,,100000,3000,3000,3000,20000,4500,4000,4000,12000,10000,2000,2000,2000,10000,5500,4000,3000,5000,5000,Si,102000,,Esha,
45,Weldon,1,MR,Si,Ciencia Politica ,Si,Economia,Desarrollo social y economico,Masculino,22,No,Urbana,Huixopuiluccal,,Cuajimalpa,Si,Estodo de Mexico,Una vez al ano,Una vez a la semana,Nunca ,Una vez al ano,B. Los distritos en disputa,10000,10000,10000,30000,20000,10000,3000,3000,4000,,100000,7000,6000,5000,25000,15000,7000,0,0,1000,3000,4000,5000,5000,5000,3000,3000,3000,3000,Si,100000,,Esha,
46,Weldon,3,MR,Si,Relacciones Internacionles,No,,Desarrollo social y economico,Femenino,21,No,Urbana,Cuenavaca,,Cuenavaca,Si,Cuenavaca Morelos,Nunca,Una vez a la semana,Nunca ,Nunca,B. Los distritos en disputa,2000,2000,2000,2000,2000,2000,23000,30000,15000,,80000,,,,,,,24000,23000,23000,5000,5000,5000,5000,5000,5000,,,,Si,100000,,Esha,
47,Weldon,4,RP,Si,Economia,SI,Ciencia Politica,Compaortamiento politico ,Femenino,19,No,Urbana,Veraxuz,,Boca Del Rio,Si,"Ciudad de Mexico, Miguel Hidalgo",No Se,Una vez a la semana,Nunca ,Una vez al ano,B. Los distritos en disputa,30000,8750,8750,8750,8750,8750,8750,8750,8750,,100000,"10,000",4687,4687,4687,4687,4687,4687,4687,4687,15000,4687,4687,4687,4687,4687,4687,4687,4687,Si,99992,,Esha,
48,Weldon,4,RP,Si,Ciencia Politica ,No,,Desarrollo social y economico,Hombre,20,No,Rural,"Xalapa, Vec",,"Xalapa, Vec",Si,CDMX,Nunca,Una vez a la semana,Nunca ,Una vez al ano,B. Los distritos en disputa,10000,10000,10000,12500,10000,10000,12500,12500,12500,,100000,,,,12500,,,12500,12500,12500,10000,10000,10000,,10000,10000,,,,Si,100000,,Esha,
49,Weldon,4,RP,Si,Ciencia Politica ,No,,Desarrollo social y economico,Masculino,21,No,Urbana,Club de Golk Menda,,"Menda, Yucatain",No,,Una vez al ano,Una vez a la semana,Nunca ,Nunca,B. Los distritos en disputa,5000,3000,2000,10000,12000,13000,25000,20000,20000,,110000,,,,,,,,,,,,,,,,,,,,0,,Esha,
50,Weldon,4,RP,Si,Relacciones Internacionles,No,,Politica Internacional,Femenino,21,No,Urbana,"CDMX, Coyoacan",,"Tlalpan, CDMX",Si,"Alvaro Obregon, CDMX",Nunca,Una vez a la semana,Nunca ,Nunca,B. Los distritos en disputa,10000,10000,10000,20000,20000,20000,3300,3300,3400,,100000,4000,4000,3000,15000,13000,10000,3000,3000,3000,6000,6000,7000,5000,7000,10000,300,300,400,No,100000,,Esha,
51,Weldon,4,RP,Yes,Management,Yes,Economics,Economics and Social Development,Male,22,Yes,Subarban,,N2,Nagland College,No,,Never,Once a week,Never,Once a year,B. Los distritos en disputa,7500,5000,5000,20000,20000,17500,0,0,25000,,100000,5000,3000,4000,12000,11000,10000,0,0,15000,2500,2000,1000,8000,9000,500,0,0,10000,Yes,93000,,Esha,
52,Weldon,3,MR,Yes,International Relations,No,Human Rights,,Femenino,21,No,Urbana,CDMX,,CDMX,Yes,CDMX,Never,Once a week,Never,Once a year,B. Los distritos en disputa,5000,5000,0,35000,30000,25000,0,0,0,,100000,0,0,0,15000,10000,10000,5000,5000,0,20000,20000,15000,0,0,0,0,0,0,Yes,100000,,Esha,
53,Weldon,1,MR,Yes,Economia,No,Game theory,,Male,19,No,Urbana,,Moscow,Russia,No,,Never,Once a week,Never,Once a year,B. Los distritos en disputa,,,,35000,30000,35000,,,,,100000,35000,35000,35000,,,,,,,,,,,,,,,,Yes,105000,,Esha,
54,Weldon,4,RP,Yes,Information Management,No,,,Femenino,20,No,Urbana,,"Russia, Saint Petersburg",Russia,Yes,In Russia ,Never,Once a month,Never,Never,B. Los distritos en disputa,15000,10000,15000,10000,10000,15000,0,10000,10000,,95000,15000,,15000,10000,10000,,,10000,10000,,15000,,,,150000,,,,No,235000,,Esha,
55,Weldon,1,MR,Yes,Business Adminstration,No,Game theory,,Male,23,No,Urbana,,Singapore,Public School,No,,Never,Once a month,Never,Never,B. Los distritos en disputa,,,,30000,40000,30000,,,,,100000,,,,15000,20000,150000,,,,,,,15000,20000,15000,,,,Yes,235000,,Esha,
56,Weldon,2,RP,Yes,International Relations,No,Political Institutions,,Male,21,No,Urbana,"Pachuca, Hidalgo",,Pachuca Hidalgo,Yes,Hidalgo,Never,Once a week,Once a year,Never,B. Los distritos en disputa,20000,10000,10000,,30000,30000,,,,,100000,5000,5000,0,15000,15000,,,,10000,5000,5000,,15000,15000,,,,,Yes,90000,,Esha,
57,Weldon,3,MR,,Corporate Finance,No,Game theory,,Femenino,22,No,Urbana,,Morocco,,No,,Once a year,Once a month,Never,Once a year,A. My party's strongholds,,,,,,,,,,,0,,,,,,,,,,,,,,,,,,,,0,,Esha,
58,Weldon,2,RP,Yes,Marketing,No,Game theory,,Femenino,26,Yes,Urbana,,,,No,,Once a year,Once a month,Once a year,Once a year,,,,,,,,,,,,0,,,,,,,,,,,,,,,,,,,,0,,Esha,
59,Weldon 2,2,RP,,Ciencia Politica,Si,Relaciones Internacionales,Derechos humanos,Femenino,21,No,Urbana,"Qultetaio, Corregidora",N/A,"Queretano, Quetetano",Si,"Queletano, Corregidora",Nunca,Una vez al mes,Nunca,Nunca,B. Los distritos en disputa,5000,5000,5000,4000,8000,8000,25000,20000,20000,Yes,100000,2500,2500,2500,3000,4000,4000,15000,15000,15000,2500,2500,2500,1000,4000,4000,10000,5000,5000,Yes,100000,,Alan,
60,Weldon 2,1,MR,,Relaciones Internacionales,No,N/A,Derechos humanos,Femenino,20,No,Urbana,"Tolula, Estado de Mexico",N/A,"Univ rec Milenio, Metepec, Estado de Mexico",Si,"Toluia, Estado de Mexico",Nunca,Una vez al mes,Nunca,Una vez al ano,B. Los distritos en disputa,10000,5000,5000,20000,15000,15000,10000,10000,10000,Yes,100000,0,0,0,0,0,0,0,0,0,0,0,0,0,0,0,0,0,0,0,0,,Alan,did not do P13
61,Weldon 2,2,RP,,Relaciones Internacionales,No,N/A,Derechos humanos,Femenino,21,No,Urbana,CDMX Cuajimalpa,N/A,"CDMX, Cuajimalpa",Si,"CDMX, Cuajimalpa",Nunca,Una vez a la semana,Una vez al ano,Una vez al ano,B. Los distritos en disputa,7000,7000,7000,16333,16333,16333,10000,10000,10000,Yes,99999,4000,4000,4000,10000,10000,10000,6000,6000,6000,3000,3000,3000,6333,6333,6333,4000,4000,4000,Yes,99999,,Alan,
62,Weldon 2,2,RP,,Ciencia Politica,No,N/A,Desarrollo social y economico,Masculino,22,No,Urbana,Izcalli,N/A,Izcalli,Si,Izcalli,Nunca,Una vez a la semana,Nunca,Nunca,B. Los distritos en disputa,7000,7000,6000,20000,20000,20000,3000,3000,4000,Yes,90000,5000,5000,5000,15000,15000,15000,2000,2000,3000,2000,2000,1000,5000,5000,5000,1000,1000,1000,Yes,90000,,Alan,
63,Weldon 2,2,RP,,Engineering,Yes,Politics,Political Institutions,Femenino,21,Yes,Urbana,N/A,"Adelaide, Australia","Adelaide, Australia",No,N/A,Once a month,Once a week,Once a month,Once a month,B. Los distritos en disputa,0,0,0,30000,40000,30000,0,0,0,Yes,100000,0,0,0,15000,20000,15000,0,0,0,0,0,0,15000,20000,15000,0,0,0,Yes,100000,,Alan,
64,Weldon 2,4,RP,,Ciencia Politica,No,N/A,Instituciones politicas,Masculino,21,No,Urbana,Ciudad de Mexico,N/A,"Instituto Don Bosco Coyoacan, Mexico",Si,Ciudad de Mexico,Una vez al ano,Una vez a la semana,Nunca,Una vez al ano,B. Los distritos en disputa,12000,11000,8000,20000,18000,19000,4000,4000,4000,Yes,100000,8000,6000,5000,10000,12000,13000,2000,2000,2000,4000,5000,3000,10000,6000,6000,2000,2000,2000,Yes,100000,,Alan,
65,Weldon 2,4,RP,,Ciencia Politica,Si,Derecho,Instituciones politicas,Masculino,19,N/A,Rural,Tepoztlan,N/A,La Salle Cueinavaca,Si,"Marelos, Tepoztlan",Una vez al ano,Una vez a la semana,Nunca,Una vez al ano,B. Los distritos en disputa,13000,10000,10000,7750,20000,16000,7750,7750,7750,Yes,100000,7000,5000,5000,5000,8000,8000,5000,5000,5000,6000,5000,5000,2750,12000,8000,2750,2750,2750,Yes,100000,,Alan,
66,Weldon 2,4,RP,,Relaciones Internacionales,No,N/A,Derechos humanos,Femenino,20,N/A,Urbana,"Ciudad de Mexico, Miguel Hidalgo",N/A,"CDMX, Miguel Hidalgo",No,N/A,Nunca,Una vez al mes,Nunca,Nunca,B. Los distritos en disputa,6000,6000,6000,12000,9000,7000,20000,18000,16000,Yes,100000,3000,3000,3000,9000,5000,4000,15000,15000,13000,3000,3000,3000,3000,4000,3000,5000,3000,3000,Yes,100000,,Alan,
67,Weldon 2,4,RP,,Business Administration,No,N/A,Political Behavior,Masculino,22,N/A,Urbana,N/A,"Reins, France",N/A,Si,N/A (2017),Never,Once a month,Never,Never,B. Los distritos en disputa,5000,5000,5000,25000,25000,20000,5000,5000,5000,Yes,100000,5000,5000,5000,20000,20000,15000,0,0,0,0,0,0,5000,5000,5000,5000,5000,5000,Yes,100000,,Alan,Wrote I don’t know for P1
68,Weldon 2,4,RP,,Ciencia Politica,No,N/A,Desarrollo social y economico,Masculino,19,N/A,Urbana,"Bosques de las loumas, Miguel Hidalgo",N/A,"Lomas verdes, Navcalpan",No,N/A,Nunca,Una vez a la semana,Nunca,Una vez al ano,B. Los distritos en disputa,0,0,0,16666,16666,16666,16666,16666,16666,Yes,99996,0,0,0,10000,10000,10000,10000,10000,10000,0,0,0,6666,6666,6666,6666,6666,6666,Yes,99996,,Alan,
69,Weldon 2,4,RP,,Relaciones Internacionales,No,N/A,Comportamiento politico,Femenino,20,N/A,Urbana,"Los Cabos, BCS",N/A,"Cabo San Lucas, Municipio de Los Cabos",Si,Ciudad de Mexico,Nunca,Una vez a la semana,Nunca,Nunca,B. Los distritos en disputa,5000,5000,5000,20000,30000,10000,5000,10000,10000,Yes,100000,0,0,0,0,0,0,0,0,0,0,0,0,0,0,0,0,0,0,No,0,,Alan,did not do P13
70,Weldon 2,3,MR,,Ciencia Politica,Si,Derecho,Comportamiento politico,Femenino,19,N/A,Urbana,"Santa Fe, CDMX",N/A,"Cuajimalpa, CDMX",Si,"CDMX, Distrito 26 local cno recuerdo el federal",Una vez al mes,Una vez a la semana,Nunca,Una vez al ano,B. Los distritos en disputa,5000,5000,5000,25000,20000,20000,10000,5000,5000,Yes,100000,1666,1666,1666,12500,10000,10000,6666,3333,3333,3333,3333,3333,12500,10000,10000,3333,1666,1666,Yes,99994,,Alan,
71,Weldon 2,3,MR,,Relaciones Internacionales,No,N/A,Instituciones politicas,Masculino,22,N/A,Urbana,Santiago de Queretaro,N/A,Santiago de Queretaro,Si,Queretaro,Nunca,Una vez a la semana,Nunca,Nunca,B. Los distritos en disputa,10000,10000,5000,30000,25000,20000,0,0,0,Yes,100000,5000,5000,0,20000,12500,5000,0,0,0,5000,5000,5000,10000,12500,15000,0,0,0,Yes,100000,,Alan,
72,Weldon 2,3,MR,,Relaciones Internacionales,No,N/A,Desarrollo social y economico,Femenino,21,N/A,Urbana,"Estado de Mexico, Naucalpan de Juarez",N/A,"Estado de Mexico, Naucalpan de Juarez",Si,"Estado de Mexico, Naucalpan de Juarez",Una vez al ano,Una vez a la semana,Nunca,Una vez al ano,B. Los distritos en disputa,10000,8000,8000,10000,12000,12000,15000,12500,12500,Yes,100000,5000,3000,3000,5000,6000,6000,10000,7000,7000,5000,5000,5000,5000,6000,6000,5000,5500,5500,Yes,100000,,Alan,
73,Weldon 2,3,MR,,Relaciones Internacionales,No,N/A,Desarrollo social y economico,Femenino,22,No,Urbana,Ciudad de Mexico,N/A,"Merida, Yucatan y Ciudad de Mexico",Si,"Ciudad de Mexico, Miguel Hidalgo",Una vez al ano,Una vez a la semana,Nunca,Nunca,B. Los distritos en disputa,5000,4000,3000,14000,10500,11500,20000,17000,15000,Yes,100000,5000,4000,4000,10000,8000,9000,15000,14000,13000,13000,10000,7000,15000,11000,12000,17000,16000,16000,Yes,199000,,Alan,"P13 more than 100,000"
74,Weldon 2,3,MR,,Ciencia Politica,No,N/A,Derechos humanos,Femenino,19,No,Urbana,"Movelia, Mich",N/A,"Morelia, Mich",Si,"Morelia, Michoacan",Una vez al ano,Una vez a la semana,Una vez al ano,Una vez al ano,B. Los distritos en disputa,8000,8000,8000,15000,8000,8000,15000,15000,15000,Yes,100000,5000,5000,5000,9000,5000,5000,9000,9000,9000,3000,3000,3000,6000,3000,3000,6000,6000,6000,Yes,100000,,Alan,
75,Weldon 2,3,MR,,Relaciones Internacionales,No,N/A,Desarrollo social y economico,Femenino,21,No,Urbana,"Leon, Guanajuato",N/A,N/A,No,N/A,Una vez al ano,Una vez a la semana,Nunca,Nunca,B. Los distritos en disputa,8000,8000,8000,11000,10000,10000,15000,15000,15000,Yes,100000,7000,7000,7000,9000,8000,8000,13000,13000,13000,1000,1000,1000,2000,2000,2000,2000,2000,2000,Yes,100000,,Alan,
76,Weldon 2,3,MR,,Ciencia Politica,No,N/A,Desarrollo social y economico,Femenino,21,PAN,Urbana,Ciudad de Mexico,N/A,N/A,Si,Ciudad de Mexico Alvaro Obregen,Nunca,Una vez a la semana,Nunca,Nunca,B. Los distritos en disputa,19000,5000,4000,10000,16000,16000,10000,10000,10000,Yes,100000,19000,0,0,5000,8000,8000,10000,10000,10000,0,5000,4000,5000,8000,8000,0,0,0,Yes,100000,,Alan,
77,Weldon 2,3,MR,,Business/Accounting,No,N/A,Political Institutions,Femenino,20,No,Suburban,N/A,England,Salesian Chertsey Surrey,No,N/A,Never,Never,Never,Never,B. Los distritos en disputa,0,0,0,40000,30000,30000,0,0,0,Yes,100000,0,0,0,5000,0,0,20000,15000,10000,10000,5000,5000,0,15000,15000,0,0,0,Yes,100000,,Alan,Wrote not sure for P1
78,Weldon 2,3,MR,,Derecho,Si,Relaciones Internacionales,Comportamiento politico,Masculino,22,No,Urbana,"Tlalpan, Fuentesdel Pedregal",N/A,"Halpan, San Pedro Martir",Si,"CDMX, Tlalpan, Pedrecal del lago",Nunca,Una vez al mes,Nunca,Una vez al ano,C. Los bastioned de mi rival,0,0,0,16000,8000,1000,30000,25000,20000,Yes,100000,0,0,0,8000,7000,0,25000,20000,15000,0,0,0,8000,1000,1000,5000,5000,5000,Yes,100000,,Alan,Wrote nothing for P1
79,Weldon 2,2,RP,,Relaciones Internacionales,No,N/A,Desarrollo social y economico,Masculino,22,No,Urbana,"La Paz, La Paz",N/A,"La Paz, La Paz",No,N/A,Nunca,Una vez a la semana,Nunca,Una vez al ano,B. Los distritos en disputa,9000,8000,8000,20000,25000,15000,5000,5000,5000,Yes,100000,9000,8000,8000,10000,12250,7500,5000,5000,5000,0,0,0,20000,12250,7500,0,0,0,N/A,109500,,Alan,"P13 more than 100,000"
80,Weldon 2,2,RP,,Relaciones Internacionales,No,N/A,Politica Internacional,Masculino,20,N/A,Urbana,"Mexicali, B.C",N/A,"Mexicali, B.C",Si,"Mexicali, Bja California",Una vez al ano,Una vez al mes,Nunca,Nunca,B. Los distritos en disputa,1000,1000,1000,25000,30000,35000,500,2500,4000,Yes,100000,200,200,200,20000,24000,28000,500,2500,4000,800,800,800,5000,6000,7000,0,0,0,Yes,100000,,Alan,
81,Weldon 2,2,RP,,Relaciones Internacionales,No,N/A,Desarrollo social y economico,Femenino,23,Morena,Urbana,"Lomas de Chapouepec, Miguel Hidalgo",N/A,"Polamco, Miguel Hidalgo",Si,CDMX y Miguel Hidalgo,Nunca,Una vez a la semana,Nunca,Una vez al ano,B. Los distritos en disputa,10000,5000,3000,25000,5000,5000,20000,10000,17000,Yes,100000,2000,1000,500,15000,2000,1500,15000,8000,10000,8000,4000,2500,10000,3000,3500,5000,2000,7000,Yes,100000,,Alan,
82,Weldon 2,2,RP,,Relaciones Internacionales,No,N/A,Derechos humanos,Femenino,22,No,Urbana,"Veracruz, Veracruz",N/A,N/A,No,N/A,Una vez al ano,Una vez a la semana,Nunca,Una vez al ano,B. Los distritos en disputa,5000,3000,3000,9000,8000,7000,30000,20000,15000,Yes,100000,3000,1500,2000,6000,5000,3500,10000,10000,7000,2000,1500,1000,3000,3000,3500,20000,10000,8000,Yes,100000,,Alan,
83,Weldon 2,2,RP,,Administracion internacional,No,N/A,Desarrollo social y economico,Masculino,24,no obicado mita/deredo,Urbana,N/A,Zuricl,Zuricl,No,N/A,Nunca,Una vez al mes,Nunca,Nunca,B. Los distritos en disputa,5000,5000,5000,20000,15000,10000,0,20000,20000,Yes,100000,0,0,0,5000,0,0,20000,20000,20000,5000,3000,2000,5000,5000,5000,5000,5000,0,Yes,100000,,Alan,
84,Weldon 2,2,RP,,Relaciones Internacionales,No,N/A,Derechos humanos,Masculino,22,N/A,Urbana,Tampico,N/A,"Tampico, Tamaulipas",Si,"Tamaqulipas, Tampico",Nunca,Una vez a la semana,Nunca,Nunca,B. Los distritos en disputa,10000,10000,5000,20000,20000,20000,5000,5000,5000,Yes,100000,0,0,0,15000,15000,15000,5000,5000,5000,10000,10000,5000,5000,5000,5000,0,0,0,Yes,100000,,Alan,
85,Weldon 2,2,RP,,Relaciones Internacionales,No,N/A,Instituciones politicas,Femenino,23,No,Urbana,Alvaro Obregon,N/A,"Highuanos, Magdalena Contreras",Si,"CDMX, Alvaro Obregon",Nunca,Una vez a la semana,Nunca,Nunca,B. Los distritos en disputa,10000,10000,12000,18000,6000,6000,18000,10000,10000,Yes,100000,2000,2000,1000,2000,2000,2000,13000,5000,4000,8000,8000,15000,2000,2000,2000,19000,5000,6000,Yes,100000,,Alan,
86,Weldon 2,1,MR,,Relaciones Internacionales,No,N/A,Seguridad civil,Masculino,27,PRI,Rural,"Vivapan, Michoacan",N/A,"Vivapan, Michoacan",Si,"Vivapan, Michoacan",Una vez al ano,Una vez a la semana,Una vez al ano,Nunca,B. Los distritos en disputa,0,0,0,33333,33333,33333,0,0,1,Yes,100000,0,0,0,0,0,0,11111,11111,11111,0,0,0,20000,20000,20000,0,0,0,Yes,93333,,Alan,nothing circled for P11
87,Weldon 2,1,MR,,Relaciones Internacionales,No,N/A,"Pobreza, desigualdad",N/A,22,PAN,Urbana,"CDMX, Alvaro Obregon",N/A,"CDMX, Alvaro Obregon, Colegio Oxford",Si,"CDMX, Col. Lomas de San angel Inn",Nunca,Una vez al mes,Nunca,Una vez al ano,B. Los distritos en disputa,12000,15000,18000,9000,10000,11000,8000,8000,8000,N/A,99000,9000,14000,9000,8000,5000,8000,4000,5000,6000,3000,1000,9000,1000,5000,3000,4000,3000,3000,Yes,100000,,Alan,
88,Weldon 2,1,MR,,Economia,Si,Ciencia Politica,Desarrollo social y economico,Femenino,20,No,Urbana,"IrapuaTo, Huanajuato",N/A,"Irapuato, Guamajato",Si,"Lrapuals, Gto",Nunca,Una vez a la semana,Nunca,Nunca,B. Los distritos en disputa,3000,3000,3000,22000,40000,12000,6000,6000,5000,Yes,100000,1500,1500,1500,18000,30000,8000,4000,4000,4000,1500,1500,1500,4000,10000,4000,2000,2000,2000,N/A,101000,,Alan,"P13 more than 100,000"
89,Simpser,1,MR,,Ciencia Politica,No,N/A,Elecciones y partidos politicos,Masculino,20,PRI,Urbana,"Ramos Arizpe, Coahuila",N/A,"Saltillo, Coahuila",Si,"Ramos Arizpe, Coahuila",Una vez al ano,Una vez a la semana,Una vez al ano,Nunca,B. Los distritos en disputa,10000,5000,5000,25000,25000,20000,2500,2500,5000,Yes,100000,8000,4000,4500,20000,23000,18000,500,1000,3000,2000,1000,500,5000,2000,2000,2000,1500,2000,Yes,100000,,Alan,
90,Simpser,1,MR,,Ciencia Politica,Si,Filosofia y Matematicas,Desarrollo social y economico,Masculino,22,PAN,Urbana,"Coyoacan, CDMX",N/A,"CDMX, Coyoacan",Si,CDMX Coyoacan,Una vez al mes,Una vez a la semana,Una vez al mes,Nunca,B. Los distritos en disputa,0,0,0,45000,50000,2500,0,0,2500,Yes,100000,0,0,0,15000,25000,1500,0,0,1500,0,0,0,30000,25000,1000,0,0,1000,Yes,100000,,Alan,
91,Simpser,1,MR,,Ciencia Politica,Si,Derecho,Instituciones politicas,Masculino,26,PRI,Urbana,"Huixquilucan, Estado de Mexico",N/A,"Miguel Hidalgo, CDMX",Si,"Huixquilucan, Estado de Mexico",Nunca,Una vez a la semana,Nunca,Nunca,B. Los distritos en disputa,0,0,0,50000,30000,20000,0,0,0,Yes,100000,0,0,0,40000,25000,0,0,0,0,0,0,0,10000,5000,20000,0,0,0,Yes,100000,,Alan,
92,Simpser,1,MR,,Ciencia Politica,No,N/A,Desarrollo social y economico,Masculino,22,No,Urbana,Ciudad de Mexico,N/A,N/A,Si,Ciudad de Mexico,Una vez a la semana,Una vez a la semana,Una vez al ano,Nunca,C. Los bastioned de mi rival,10000,10000,10000,10000,10000,10000,10000,10000,10000,No,90000,0,0,0,20000,0,0,20000,20000,10000,10000,10000,0,0,0,0,0,0,0,Yes,90000,,Alan,
93,Simpser,1,MR,,Ciencia Politica,No,N/A,Instituciones politicas,Femenino,20,Morena,Urbana,"Santa Fem Alvaro Obregon, CDMX",N/A,N/A,Si,"Alvaro Obregon, CDMX",Nunca,Una vez a la semana,Una vez al mes,Una vez al ano,B. Los distritos en disputa,11111,11111,11111,17777,17777,17777,4444,4444,4444,Yes,99996,4000,4000,4000,12000,12000,12000,1000,1000,1000,8000,8000,8000,4000,4000,4000,3000,3000,3000,Yes,96000,,Alan,
94,Simpser,1,MR,,Ciencia Politica,Si,Economia,Desarrollo social y economico,Mujer,22,PAN,Urbana,"Cuautitlan Izcalli, Estado de Mexico",N/A,"Atizapan de Zaragoza, CDMX",Si,Estado de Mexicom Cuautitlan Izcali,No se,Una vez a la semana,Nunca,Nunca,B. Los distritos en disputa,8000,8000,8000,15000,15000,15000,6000,10000,15000,Yes,100000,10000,6000,6000,10000,10000,10000,1000,8000,12000,5000,2000,2000,5000,5000,5000,1000,2000,2000,Yes,102000,,Alan,
95,Simpser,1,MR,,Ciencia Politica,Si,Derecho,Elecciones y partidos politicos,Femenino,23,N/A,Urbana,Delegacion Coyoacan,N/A,"Delegacion Coyoacan, Ciudad de Mexico",Si,"Coyoacan, Ciudad de Mexico",Una vez al mes,Una vez a la semana,Nunca,Nunca,B. Los distritos en disputa,10000,10000,10000,25000,25000,5000,5000,5000,5000,Yes,100000,7000,7000,7000,20000,20000,5000,0,0,0,3000,3000,3000,5000,5000,0,5000,5000,5000,Yes,100000,,Alan,
96,Simpser,1,MR,,Ciencia Politica,No,N/A,Elecciones y partidos politicos,Masculino,21,PRI,Urbana,"Xochimilco, CDMX",N/A,"Tlalpan, CDMX",Si,"CDMX, Xochimilco",Nunca,Una vez a la semana,Una vez al ano,Nunca,B. Los distritos en disputa,2000,1000,2000,3000,10000,10000,36000,18000,18000,Yes,100000,4000,3000,3000,7000,6000,5000,9000,8000,8000,6000,7000,7000,3000,4000,5000,1000,2000,2000,Yes,90000,,Alan,
97,Simpser,2,RP,,Economia,Si,Ciencia Politica,Desarrollo social y economico,Masculino,22,Morena,Urbana,Miguel Hidalgo CDMX,N/A,"Ciudad de Mexico, Benito Juarez",Si,"Ciudad de Mexico, Benito Juarez",Una vez al ano,Una vez a la semana,Nunca ,Una vez al ano,B. Los distritos en disputa,0,0,0,40000,20000,40000,0,0,0,Yes,100000,0,0,0,30000,10000,10000,0,0,0,0,0,0,10000,10000,30000,0,0,0,Yes,100000,,Alan,
98,Simpser,2,RP,,Ciencia Politica,No,N/A,Elecciones y partidos politicos,Masculino,24,PRI,Urbana,"Texcoco, CDMX",N/A,"Texcoco, CDMX",Si,"Texcoco, CDMX",Nunca,Una vez al mes,Nunca,Nunca,B. Los distritos en disputa,0,10000,0,15000,5000,5000,25000,25000,15000,Yes,100000,5000,5000,0,0,0,0,20000,5000,15000,5000,5000,0,0,0,0,20000,5000,15000,Yes,100000,,Alan,
99,Simpser,2,RP,,Ciencia Politica,No,N/A,Politicas Publicas,Masculino,21,No,Urbana,"Atizapan de Zaragoza, CDMX",N/A,"Temoligico de Monteney, Esmeralda",Si,CDMX,Una vez al ano,Una vez a la semana,Nunca,Una vez al ano,B. Los distritos en disputa,10000,10000,10000,15000,15000,15000,10000,5000,5000,No,95000,20000,15000,15000,15000,10000,10000,5000,5000,5000,15000,15000,15000,15000,20000,10000,5000,5000,5000,No,205000,,Alan,
100,Simpser,2,RP,,Ciencia Politica,Si,Economia,Desarrollo social y economico,Masculino,23,No,Urbana,Coyoacan CDMX,N/A,"Alvaro Obregon, CDMX",Si,"Coyoacan, Ciudad de Mexico",Nunca,Una vez a la semana,Nunca,Nunca,B. Los distritos en disputa,5000,0,0,40000,30000,25000,0,0,0,Yes,100000,0,0,0,0,0,0,0,0,0,5000,0,0,40000,30000,25000,0,0,0,No,100000,,Alan,
101,Simpser,2,RP,,Ciencia Politica,No,N/A,Desarrollo social y economico,Masculino,22,No,Urbana,"Veracruz, Veracruz",N/A,"Cordoba, Veracruz",Si,"Veracruz, Cordcba",Nunca,Una vez a la semana,Nunca,Nunca,B. Los distritos en disputa,5000,2500,2500,30000,30000,30000,0,0,0,Yes,100000,2500,0,0,30000,30000,30000,0,0,0,2500,5000,5000,0,0,0,0,0,0,Yes,105000,,Alan,
102,Simpser,2,RP,,Ciencia Politica,Si,Derecho,Instituciones politicas,Masculino,21,PRI,Urbana,"CDMX, Azcapotzalco",N/A,UVU Navcalpan Edo Mex,Si,CDMX - Delgacian Benito Juarez,Una vez al ano,Una vez a la semana,Nunca,hace mas de un ano,B. Los distritos en disputa,10000,10000,10000,25000,15000,10000,5000,5000,10000,Yes,100000,3000,3000,3000,18000,10000,6000,4000,4000,8000,7000,7000,7000,7000,5000,4000,1000,1000,2000,Yes,100000,,Alan,
103,Simpser,2,RP,,Ciencia Politica,Si,Derecho en la UNAM,Instituciones politicas,Masculino,22,PAN,Urbana,Morelia,N/A,"Morelia, Mich",Si,"Morelia, Michoacan",Una vez al mes,Una vez a la semana,Una vez al ano,Una vez al ano,B. Los distritos en disputa,9000,8000,8000,11000,11000,10000,15000,14000,14000,Yes,100000,4000,4000,4000,6000,6000,6000,9000,8000,8000,5000,4000,4000,5000,5000,4000,6000,6000,6000,Yes,100000,,Alan,
104,Simpser,3,MR,,Ciencia Politica,Si,Pedagogia en la UNAM,Desarrollo social y economico,Femenino,21,No,Urbana,"Merida, Yocatan ",N/A,"Merida, Yucatan y Ciudad de Mexico",Si,"Merida, Yucatan and CDMX",Una vez al ano,Una vez a la semana,Una vez al ano,Una vez al ano,B. Los distritos en disputa,10000,10000,10000,18000,23000,23000,2000,2000,2000,Yes,100000,3000,3000,3000,5000,6000,6000,1500,1500,1500,7000,7000,7000,13000,17000,17000,500,500,500,Yes,100000,,Alan,
105,Simpser,3,MR,,Ciencia Politica,No,N/A,Desarrollo social y economico,Femenino,22,No,Urbana,"Guadalajara, Guadalajara",N/A,"Guadalajara, Guadalajara",Si,"Guadalajara, Jalisco",Nunca,Una vez al mes,Nunca,Nunca,B. Los distritos en disputa,4000,4000,4000,30000,26000,26000,2000,2000,2000,Yes,100000,4000,4000,4000,20000,13000,13000,0,0,0,0,0,0,10000,13000,13000,2000,2000,2000,Yes,100000,,Alan,
106,Simpser,3,MR,,Ciencia Politica,No,N/A,Comportamiento politico,Hombre,24,No,Urbana,"Huixquilucan, Estado de Mexico",N/A,"Ciceo France Mexicano AC, CDMX, Miguel Hidalgo",Si,"Estado de Mexico, Naucalpan de Juarez",Una vez al mes,Una vez a la semana,Nunca,Nunca,B. Los distritos en disputa,10000,10000,10000,10000,10000,20000,10000,10000,10000,Yes,100000,10000,2000,2000,10000,10000,5000,0,0,0,5000,2000,2000,10000,2000,5000,20000,6000,6000,No,97000,,Alan,
107,Simpser,3,MR,,Ciencia Politica,Si,Economia,Desarrollo social y economico,Masculino,22,PRI,Urbana,Metepec,N/A,"Culiacain, Sinaloa",Si,"Metepec, Mexico & Culiocain Sinaloa",Una vez al mes,Una vez a la semana,Una vez al mes,Nunca,B. Los distritos en disputa,10000,5000,5000,20000,20000,20000,4000,8000,8000,Yes,100000,10000,5000,5000,20000,20000,20000,4000,8000,8000,0,0,0,0,0,0,0,0,0,Yes,100000,,Alan,
108,Simpser,3,MR,,Ciencia Politica,No,N/A,Comportamiento politico,Femenino,25,No,Urbana,"Guadalajara, Guadalajara",N/A,"Zapopan, Jalisco",Si,Guadalajara y Zapopan Cambos en Jaliscol,Una vez al ano,Una vez a la semana,Nunca,Nunca,A. Los Bastiones de mi partido ,20000,15000,15000,0,25000,25000,0,0,0,Yes,100000,5000,5000,5000,0,5000,5000,0,0,0,15000,10000,10000,0,20000,20000,0,0,0,Yes,100000,,Alan,
109,Simpser,3,MR,,Ciencia Politica,Si,Economia,Desarrollo social y economico,Femenino,25,PAN,Urbana,"Leon, Guanajuato",N/A,"Leon, Guanajuato",Si,"Mexico, CDMX",Nunca,Una vez a la semana,Una vez al ano,Una vez al ano,B. Los distritos en disputa,10000,25000,25000,5000,10000,10000,5000,5000,5000,Yes,100000,0,0,0,10000,10000,0,0,5000,5000,10000,20000,20000,5000,5000,10000,0,0,0,Yes,100000,,Alan,
110,Simpser,3,MR,,Ciencia Politica,Si,Relaciones Internacionales,Derechos humanos,Femenino,23,Morena,Urbana,CDMX Delegacion Muslauo A Maderno,N/A,CDMX Delegacion Benito Juarez,Si,CDMX Muslauo A Maderno,Nunca,Una vez a la semana,Nunca,Una vez al ano,B. Los distritos en disputa,5000,5000,5000,15000,20000,20000,10000,10000,10000,Yes,100000,2500,2500,2500,5000,15000,15000,5000,5000,5000,2500,2500,2500,10000,5000,5000,5000,5000,5000,Yes,100000,,Alan,
111,Simpser,3,MR,,Ciencia Politica,No,N/A,Desarrollo social y economico,Hombre,22,Morena,Urbana,"CDMX, Alvaro Obregon",N/A,CDMX,Si,CDMX,Una vez al mes,Una vez a la semana,Una vez al mes,Una vez al ano,B. Los distritos en disputa,10000,5000,5000,22000,23000,25000,2000,3000,5000,Yes,100000,4000,3000,3000,7000,7000,7000,0,0,0,6000,7000,7000,3000,3000,3000,10000,10000,10000,Yes,90000,,Alan,Wrote something on P11
112,Simpser,4,RP,,Ciencia Politica,No,N/A,Derechos humanos,Masculino,24,Morena,Urbana,Coyoacan,N/A,Prepa 6 Antonio Caso,Si,Ciudad de Mexico,Una vez a la semana,Una vez a la semana,Una vez al mes,Una vez al ano,B. Los distritos en disputa,15000,15000,10000,15000,15000,15000,5000,5000,5000,Yes,100000,7500,7500,6000,5000,5000,5000,4000,4000,4000,7500,7500,4000,10000,10000,10000,1000,1000,1000,Yes,100000,,Alan,
113,Simpser,4,RP,,Economia,Si,Ciencia Politica,Desarrollo social y economico,Masculino,21,N/A,Urbana,Coyoacan,N/A,"CDMX, Benito Juarez",Si,"Gucacio, Acapolco",Una vez al ano,Una vez a la semana,Nunca,Una vez al ano,B. Los distritos en disputa,10000,5000,5000,15000,20000,10000,5000,15000,15000,Yes,100000,0,0,0,0,0,0,0,0,0,0,0,0,0,0,0,0,0,0,N/A,0,,Alan,did not do P13
114,Simpser,4,RP,,Ciencia Politica,No,N/A,Elecciones y partidos politicos,Masculino,21,Morena,Urbana,Ciudad de Mexico,N/A,"T&C de Monterrey, Ciudad de Mexico",Si,"Ciudad de Meixco, Magdalend Contreras",Una vez al ano,Una vez a la semana,Nunca,Una vez al ano,B. Los distritos en disputa,0,0,0,50000,20000,10000,5000,5000,10000,Yes,100000,0,0,0,40000,15000,5000,1000,1000,2000,0,0,0,10000,5000,5000,4000,4000,8000,Yes,100000,,Alan,
115,Simpser,4,RP,,Ciencia Politica,No,N/A,Seguridad,Masculino,25,N/A,Rural,Agua Pruta Sonora,N/A,Agua Pruta Jonora,No,N/A,Nunca,Una vez a la semana,Nunca,Nunca,B. Los distritos en disputa,8000,5000,5000,10000,10000,8000,5000,24500,24500,Yes,100000,1600,1000,1000,2000,2000,1600,1000,4900,4900,6400,4000,4000,8000,8000,6400,4000,19600,19600,Yes,100000,,Alan,
116,Simpser,4,RP,,Ciencia Politica,No,N/A,Desarrollo social y economico,Masculino,23,Morena,Urbana,CDMX,N/A,"CDMX, Alvaro Obregon",Si,Distrito Federal Alvaro Obregon,Una vez al ano,Una vez a la semana,Una vez al mes,Una vez al ano,A. Los Bastiones de mi partido ,20000,20000,20000,0,20000,20000,0,0,0,Yes,100000,20000,20000,20000,0,20000,20000,0,0,0,0,0,0,0,0,0,0,0,0,Yes,100000,,Alan,
117,Simpser,4,RP,,Ciencia Politica,Si,Derecho,Desarrollo social y economico,Mujer,22,No,Urbana,Tuxtla Gutierrez,N/A,"Tecnologico de Mty de Chia pas y Tecnologico Santa fe, CDMX",Si,CDMX,Nunca,Una vez a la semana,Nunca,Nunca,B. Los distritos en disputa,11167,11000,10000,13000,12500,12000,14500,14000,13500,N/A,111667,0,0,0,0,0,0,0,0,0,0,0,0,0,0,0,0,0,0,N/A,0,,Alan,did not do P13
118,Simpser,4,RP,,Ciencia Politica,Si,Relaciones Internacionales,Desarrollo social y economico,Masculino,21,No,Urbana,"Tlalpan, Ciudad de Mexico",N/A,"Tlalpan, CDMX",Si,"Tlalpan, Ciudad de Mexico",Una vez al ano,Una vez a la semana,Nunca,Nunca,A. Los Bastiones de mi partido ,17000,18000,19000,12000,15000,10000,3000,3000,3000,Yes,100000,11000,12000,13000,8000,10000,7000,0,0,1000,6000,6000,6000,4000,5000,3000,3000,3000,2000,Yes,100000,,Alan,
119,Simpser,4,RP,,Ciencia Politica,No,N/A,Polticas Publicas,Femenino,22,PAN,Urbana,Queretaro,N/A,ITESM campus Queretaro,Si,"Queretaro, Queretaro",Nunca,Una vez a la semana,Nunca,Una vez al ano,B. Los distritos en disputa,10000,10000,10000,20000,20000,20000,2000,4000,4000,Yes,100000,0,0,0,10000,10000,10000,1000,2000,2000,10000,10000,10000,10000,10000,10000,1000,2000,2000,Yes,100000,,Alan,
120,Simpser,4,RP,Si,Ciencia Politica ,No,,Instituciones Politicas,Hombre,24,,Urbana,Chibrahua,,Chibichucca,Si,,Nunca,Una vez a la semana,Nunca ,Nunca,B. Los distritos en disputa,5000,5000,2000,15000,50000,20000,1000,1000,1000,,100000,0,0,5000,30000,15000,0,0,0,5000,5000,2000,10000,20000,5000,1000,1000,1000,1000,,101000,,Esha,
121,Simpser,4,RP,Si,Ciencia Politica ,No,,Politica Publica,Hombre,24,,Urbana,CDMX,,CDMX,No,,Nunca,Una vez a la semana,nunca ,nunca,B. Los distritos en disputa,15000,10000,10000,30000,25000,20000,0,0,0,,110000,5000,0,20000,10000,10000,0,0,0,5000,5000,5000,20000,10000,10000,0,0,0,0,No,100000,,Esha,
122,Simpser,4,RP,Si,Ciencia Politica ,Si,"Segunda Carrera, Relaciones Internacionales",Compaortamiento politico ,Femenino,23,No,Urbana,Chihuahua,,Chihuahua,Si,Chihuahua,Una vez al mes,Una vez a la semana,Nunca ,Nunca,B. Los distritos en disputa,12000,12000,12000,14000,16000,16000,6000,6000,6000,,100000,4000,4000,7000,8000,0,0,0,8000,8000,80000,7000,8000,8000,6000,6000,6000,1000,1000,Si,162000,,Esha,
123,Simpser,4,RP,SI,Ciencia Politica ,Si,Relacciones Internacionales,Derechose Humanos ,Masculino,24,Ninguno,Urbana,Huixopuiluccal,,Huixquilucan,Si,Edomex,Nunca,Una vez a la semana,Nunca ,Una vez al mes,B. Los distritos en disputa,6000,5000,4000,30000,35000,20000,0,0,0,,100000,0,0,0,25000,30000,15000,0,0,0,6000,5000,4000,5000,5000,5000,0,0,0,Si,100000,,Esha,
124,Simpser,3,MR,Si,Ciencia Politica ,Si,Relacciones Internacionales,Genero y Politica,Femenino,24,No,Urbana,"Ilalpan, Edomex",,"GAM, CDMX",si,GAM,Una vez a la semana,Una vez a la semana,Nunca ,Una vez al ano,B. Los distritos en disputa,10000,15000,15000,15000,20000,15000,5000,7000,13000,,115000,0,0,0,10000,15000,10000,0,0,13000,10000,5000,5000,5000,5000,5000,0,0,0,Si,83000,,Esha,
125,Simpser,3,MR,Si,Economia,No,,Compaortamiento politico ,Femenino,25,No,Rural,Janacatepac,,Estado de Morelas,Si,"Janacatapec, Morales",Una vez al ano,Una vez a la semana,Una vez al ano ,Una vez al ano,B. Los distritos en disputa,10000,10000,10000,25000,20000,15000,0,0,0,,90000,5000,5000,5000,15000,10000,10000,0,0,0,5000,5000,5000,10000,10000,5000,0,0,0,Si,90000,,Esha,
126,Simpser,3,MR,Si,CIencia Politica ,No,,Desarrollo social y economico,Masculino,27,No,urbana,"Puerto Vallarta, Jalisco",,"Puerto Vallarta, Jalisco",Si,Puerto Vallarta,Nunca,Una vez a la semana,Nunca ,Nunca,B. Los distritos en disputa,10000,10000,10000,5000,30000,25000,0,5000,5000,,100000,0,0,0,0,30000,25000,0,0,0,10000,10000,10000,5000,0,0,0,5000,5000,sI,100000,,Esha,
127,Simpser,3,MR,Si,Ciencia Politica ,Si,Relacciones Internacionales,Politica Publica,Femenino,23,No,Urbana,Alvaro Obregon,,Alvaro Obregon,Si,"Alvaro Obregon, CDMX",Una vez a la semana,Una vez a la semana,Nunca ,Una vez al ano,B. Los distritos en disputa,10000,10000,10000,20000,20000,20000,3000,3000,4000,,100000,,,,,,,,,,,,,,,,,,,,0,,Esha,
128,Simpser,2,RP,Si,Ciencia Politica ,No,,compaortamiento politico ,Masculino,23,PRI,Urbana,Puebla,,"Puebla, Puebla",Si,,Nunca,Una vez al mes,Nunca ,Nunca,B. Los distritos en disputa,11666.66,11666.66,11666.66,13666.66,13666.66,13666.66,8333.33,8333.33,8333.33,,100999.95,11666.66,11666.66,11666.66,4099.99,4000,3900,4000,4000,4000,0,0,0,9566.663,9566.663,9100,4333.33,4333.33,4333.33,Si,100233.286,,Esha,
129,Simpser,2,RP,Si,Ciencia Politica ,No,,Compaortamiento politico ,Mujer,21,No,Urbana,"Uruapan, Michuacan",,"Uruapan, Michuacan",No,,Nunca,Una vez a la semana,Nunca ,Nunca,b. Los distritos en disputa,11100,10000,10000,17900,18000,18000,5000,5000,5000,,100000,9000,9000,8000,28000,17000,14000,5000,5000,5000,8000,8000,7000,29000,18000,15000,5000,5000,5000,Si,200000,,Esha,
130,Simpser,2,RP,Si,Ciencia Politica ,No,,Desarrollo social y economico,Masculino,23,No,Rural,"Patzcuaro, mich",,"Patzcuaro, Mich",Si,"Michaacan, Patzcuaro",Una vez al ano,Una vez a la semana,Nunca ,Una vez al ano,B. Los distritos en disputa,13333.33,13333.33,13333.33,15000,15000,10000,5000,5000,10000,,99999.99,10000,10000,10000,11500,11500,8000,0,0,8000,3333.33,3333.33,3333.33,3500,3500,2000,5000,5000,2000,Si,99999.99,,Esha,
131,Simpser,2,RP,Si,Relacciones Internacionles,Si,Derecho ,Desarrollo social y economico,Femenino,22,No,Urbana,Ciudad De Mexico,,Centro Universitario,Si,"Ciudad de Mexico, Coyoacan",Una vez al ano,Una vez a la semana,Nunca ,Una vez al ano,A. Los Bastiones de mi partido ,10000,10000,20000,5000,40000,5000,0,5000,5000,,100000,5000,0,0,0,0,5000,15000,20000,10000,10000,10000,10000,5000,10000,5000,0,0,5000,Si,110000,,Esha,
132,Simpser,1,MR,Si,Economia,Si,Ciencia Politica,Desarrollo social y economico,Femenino,22,Ninguno,Urbana,"Tomeon, Coah",,Ciudad de Mexico,Si,"Ciudad de Mexico, Coyoacan",Una vez al ano,Una vez a la semana,Nunca ,Una vez al ano,B. Los distritos en disputa,11000,11000,11000,20000,20000,15000,4000,4000,4000,,100000,8000,8000,8000,15000,15000,10000,3000,3000,3500,3000,3000,3000,5000,5000,5000,1000,1000,500,Si,100000,,Esha,
133,Simpser,1,MR,Si,Ciencia Politica ,No,,Compaortamiento politico ,Masculino,23,,Urbana,CD Brisc,,"TEC CEM, Lago de Guaddar",Si,Estodo de Mexico,Nunca,Una vez a la semana,Nunca ,Una vez al ano,B. Los distritos en disputa,15000,15000,15000,18333,18333,18333,0,0,0,,99999,15000,15000,15000,5000,5000,5000,0,0,0,10000,10000,10000,15000,15000,15000,0,0,0,No,135000,,Esha,
134,Simpser,1,MR,SI,Ciencia Politica ,Si,Relacciones Internacionales,Instituciones Politicas,Masculino,22,PAN,Urbana,"Atizapan de Zaragoza, Edomex",,"Atizapan de Zaragoza, Edomex",SI,Estodo de Mexico,Una vez al ano,Una vez a la semana,Nunca ,NUnca,B. Los distritos en disputa,10000,10000,10000,15000,20000,20000,5000,5000,5000,,100000,5000,50000,50000,10000,15000,15000,4000,4000,4000,5000,5000,5000,5000,5000,5000,1000,1000,1000,Si,190000,,Esha,
135,Simpser,1,MR,Si,Ciencia Politica ,No,,Instituciones Politicas,Masculino,22,PRI,Urbana,Ciudad de Mexico,,"TeC CEM, Lago de Guaddar",Si,Ciudad de Mexico,Una vez al mes,Una vez la semana ,Nunca ,Nunca,B. Los distritos en disputa,3000,3000,4000,30000,30000,30000,0,0,0,,100000,0,0,0,20000,20000,20000,0,0,0,3000,3000,4000,10000,10000,10000,0,0,0,Si,100000,,Esha,
136,Adrian 1,1,MR,Yes,Political Science,No,,Game Theory,Femenino,19,,Subarban,"Tula, Hidalgo",,La Salle Boulevares/ Instituto Cultural Sucae,Yes,CDMX,Once a month,I don't know,Never,Once a year,C. Los bastioned de mi rival,31800,51500,51700,91000,10000,11000,17000,20000,18000,,302000,1000,2000,1000,2000,2000,11000,3000,5000,4000,2800,3500,4700,7000,8000,10000,14000,15000,14000,Yes,110000,,Esha,
137,Adrian 1,3,MR,Yes,Political Science,No,,Trade Unions,Male,20,Morena,Urban,,"London, United Kingdom",St Paul's School,Yes,CDMX,Never,Once a week,Never,Once a month,C. Los bastioned de mi rival,6500,2000,0,30000,10000,15000,0,6500,30000,,100000,5500,2500,0,20000,5000,12500,0,2000,10000,1000,500,0,10000,5000,2500,0,4500,20000,Yes,101000,,Esha,
138,Adrian 1,3,MR,Si,Ciencia Politica ,Si,Ciencia Politica y Economía,Desarrollo social y economico,Masculino,20,,Urbana,"Hermosillo, Sonora",,Prepa Tec Campus Sonora Norte,Si,"Hermosillo, Sonora",Una vez al ano,Una vez a la semana,Nunca ,Nunca,B. Los distritos en disputa,15000,10000,5000,0,40000,30000,0,0,0,,100000,0,0,0,0,40000,30000,0,0,0,15000,10000,5000,0,0,0,0,0,0,Si,100000,,Esha,
139,Adrian 1,2,RP,Si,Ciencia Politica\Economia ,Si,Ciencia Politica y Economía,Elecciones y partidos politicos,Masculino,19,,Urbana,"Zapopan, Jalisco",,"Zapopan, Jalisco",No,,Una vez al mes,Una vez a la semana,Nunca ,Una vez al ano,B. Los distritos en disputa,10000,10000,15000,15000,20000,10000,10000,5000,5000,,100000,0,1000,1000,0,0,0,0,0,0,33,33,33,2000,2000,2000,33,33,33,,8198,,Esha,
140,Adrian 1,3,MR,Si,Ciencia Politica ,Si,Relacciones Internacionales,Elecciones y partidos politicos,Hombre,21,Morena,Urbana,Edo. Mexico,,UVM,Si,Edomex,Una vez a la semana,Una vez a la semana,Nunca ,Una vez al ano,A. Los Bastiones de mi partido ,15000,15000,15000,10000,10000,10000,5000,5000,15000,,100000,,,,,,,,,,15000,15000,15000,10000,10000,10000,5000,5000,15000,Si,100000,,Esha,
141,Adrian 1,1,MR,Si,Ciencia Politica ,No,,Elecciones y partidos politicos,Masculino,21,Partido de la Revolucion  Democratica,Urbana,Ciudad De Mexico,,"Miguel Hedalgo, CDMX",Si,"Magdalena Contveras, CDMX",Nunca,Una vez a la semana,Nunca ,Una vez al ano,B. Los distritos en disputa,4000,6000,5000,10000,25000,20000,10000,10000,10000,,100000,1000,2000,1500,5000,10000,10000,5000,5000,3000,3000,4000,3500,5000,15000,10000,5000,5000,7000,,100000,,Esha,
142,Adrian 1,4,RP,Si,Ciencia Politica ,Si,Economia,Desarrollo social y economico,Femenino,21,,Urbana,Coyoacau,,"Del Valle, Benito Juarez",Si,"CDMX, Coyoacau",Nunca,Una vez a la semana,Nunca ,Una vez al ano,B. Los distritos en disputa,10000,,30000,30000,30000,,,,,,100000,,,,30000,30000,30000,,,,10000,,,,,,,,,Si,100000,,Esha,
143,Adrian 1,2,RP,Si,Ciencia Politica\Economia ,Si,Ciencia Politica y Economía,Elecciones y partidos politicos,Masculino,19,,Urbana,DF,,CDMX,Si,CDMX,Una vez al mes,Una vez a la semana,Una vez al ano ,Una vez al ano,B. Los distritos en disputa,15000,15000,10000,15000,20000,20000,1000,2000,2000,,100000,10000,10000,7500,10000,15000,15000,750,1250,1250,5000,5000,2500,5000,5000,5000,250,750,750,Si,100000,,Esha,
144,Adrian 1,3,MR,Si,Ciencia Politica\Economia ,Si,Ciencia Politica,Desarrollo social y economico,Masculino,21,,Urbana,"Tlalpan, CDMX",,"Tlalpan, CDMX",Si,"Tlalpan, CDMX",Nunca,Una vez a la semana,Nunca ,Una vez al ano,B. Los distritos en disputa,10000,,,30000,30000,30000,,,,,100000,10000,,,,30000,30000,,,,,,,30000,,,,,,Si,100000,,Esha,
145,Adrian 1,1,MR,Si,Ciencia Politica ,No,,Desarrollo social y economico,Hombre,22,,Urbana,Morelia,,Morelia,Si,"Morelia, Michoacan",No Se,Una vez a la semana,Nunca ,Nunca,B. Los distritos en disputa,,,,10000,50000,40000,,,,,100000,,,,30000,20000,20000,,,,,,,,20000,10000,,,,Si,100000,,Esha,
146,Adrian 1,1,MR,Si,Ciencia Politica ,No,,Elecciones y partidos politicos,Femenino,20,Morena,Urbana,CDMX,,CDMX,Si,CDMX,Una vez al mes,Una vez a la semana,Nunca ,Una vez al ano,B. Los distritos en disputa,7000,6000,6000,20000,15000,12000,10000,10000,14000,,100000,,,,,,,,,,,,,,,,,,,,0,,Esha,
147,Adrian 1,3,MR,Si,Ciencia Politica ,No,,Desarrollo social y economico,Femenino,20,,Urbana,"Cuernavaca, Morelos",,"Cuernavaca, Morelos",Si,"Cuernavaca, Morelos",Nunca,Una vez a la semana,Nunca ,Nunca,B. Los distritos en disputa,15000,20000,20000,10000,15000,15000,1000,2000,2000,,100000,,,,25000,25000,25000,0,0,0,3000,3000,3000,0,0,0,5000,5000,5000,Si,99000,,Esha,
148,Adrian 1,4,RP,Si,Ciencia Politica ,No,,Compaortamiento politico ,Femenino,20,,Urbana,"Veracruz, Ver",,"Veracruz, Ver",No,,Nunca,Una vez a la semana,Nunca ,Nunca,B. Los distritos en disputa,12000,10000,10000,18000,20000,15000,5000,5000,5000,,100000,2500,2500,5000,10000,10000,10000,0,0,0,10000,10000,5000,10000,10000,10000,0,2500,2500,Si,100000,,Esha,
149,Adrian 1,2,RP,Si,Ciencia Politica ,No,,Instituciones Politicas,Masculino,20,,Rural,Del Miguel Hidalgo homas de reforma CDMX,,Licea Franco Mexicano CDMX Del Miguel Hidalgo,Si,CDMX Migueal Hidalgo,Una vez al ano,Una vez a la semana,Nunca ,No se,B. Los distritos en disputa,2500,2500,5000,10000,5000,5000,25000,20000,15000,,90000,,,,,,,,,,,,,,,,,,,,0,,Esha,
150,Adrian 1,1,MR,SI,Ciencia Politica ,Si,Economia,Encuestas,Masculino,19,Morena,Urbana,DF,,CDMX,Si,CDMX,Una vez al mes,Una vez a la semana,Una vez al ano ,Una vez al mes,B. Los distritos en disputa,5000,5000,5000,7000,7000,7000,2000,2000,2000,,42000,2000,2000,2000,2000,2000,2000,0,0,50000,3000,3000,3000,5000,5000,5000,2000,2000,10000,,100000,,Esha,
151,Adrian 1,1,MR,Si,Ciencia Politica ,No,,Elecciones y partidos politicos,Femenino,20,,Urbana,"Zapopan, Jalisco",,Jalisco/Guadalajara,Si,CDMX,Una vez al ano,Una vez a la semana,Nunca ,Nunca,B. Los distritos en disputa,3000,2000,2000,10000,10000,10000,25000,20000,20000,,102000,1000,1000,1000,5000,5000,5000,10000,10000,10000,1000,1000,1000,3000,3000,3000,5000,5000,5000,,75000,,Esha,
152,Adrian 1,3,MR,Si,Ciencia Politica ,Si,,Economics and Social Development,Mujer,21,Morena,Urbana,Edo. Mexico,,UVM,Si,Edomex,Una vez a la semana,Una vez a la semana,Nunca ,Una vez al ano,A. Los Bastiones de mi partido ,15000,15000,15000,10000,10000,10000,5000,5000,15000,,100000,,,,,,,,,,15000,15000,15000,10000,10000,10000,5000,5000,15000,Si,100000,,Esha,
153,Adrian 1,1,MR,SI,Ciencia Politica ,Si,Economia,Encuestas,Masculino,23,,Urbana,CDMX,,CDMX,Si,CDMX,Una vez al mes,Una vez a la semana,Una vez al ano ,Una vez al mes,B. Los distritos en disputa,5000,5000,5000,7000,7000,7000,2000,2000,2000,,42000,2000,2000,2000,2000,2000,2000,0,0,50000,3000,3000,3000,5000,5000,5000,2000,2000,10000,,100000,,Esha,
154,Adrian 1,4,RP,Si,Ciencia Politica ,No,,Compaortamiento politico ,Masculino,20,,Urbana,"Veracruz, Ver",,"Veracruz, Ver",No,,Nunca,Una vez a la semana,Nunca ,Nunca,B. Los distritos en disputa,12000,10000,10000,18000,20000,15000,5000,5000,5000,,100000,2500,2500,5000,10000,10000,10000,0,0,0,10000,10000,5000,10000,10000,10000,0,2500,2500,Si,100000,,Esha,
155,Adrian 1,2,RP,Si,Ciencia Politica ,No,Relacciones Internacionales,Instituciones Politicas,Femenino,21,,Rural,Del Miguel Hidalgo homas de reforma CDMX,,Licea Franco Mexicano CDMX Del Miguel Hidalgo,Si,CDMX Migueal Hidalgo,Una vez al ano,Una vez a la semana,Nunca ,No se,B. Los distritos en disputa,2500,2500,5000,10000,5000,5000,25000,20000,15000,,90000,,,,,,,,,,,,,,,,,,,,0,,Esha,
156,Adrian 1,2,RP,Si,Ciencia Politica ,No,,Desarrollo social y economico,Masculino,21,,Rural,Del Miguel Hidalgo homas de reforma CDMX,,Licea Franco Mexicano CDMX Del Miguel Hidalgo,Si,CDMX Migueal Hidalgo,Una vez al ano,Una vez a la semana,Nunca ,No se,B. Los distritos en disputa,2500,2500,5000,10000,5000,5000,25000,20000,15000,,90000,,,,,,,,,,,,,,,,,,,,0,,Esha,
157,Adrian 1,3,MR,Si,Ciencia Politica ,Si,Relacciones Internacionales,Economics and Social Development,Mujer,21,,Urbana,Edo. Mexico,,UVM,Si,Edomex,Una vez a la semana,Una vez a la semana,Nunca ,Una vez al ano,A. Los Bastiones de mi partido ,15000,15000,15000,10000,10000,10000,5000,5000,15000,,100000,,,,,,,,,,15000,15000,15000,10000,10000,10000,5000,5000,15000,Si,100000,,Esha,
158,Adrian 1,4,RP,Si,Ciencia Politica ,No,,Compaortamiento politico ,Masculino,22,,Urbana,"Veracruz, Ver",,"Veracruz, Ver",No,,Nunca,Una vez a la semana,Nunca ,Nunca,B. Los distritos en disputa,12000,10000,10000,18000,20000,15000,5000,5000,5000,,100000,2500,2500,5000,10000,10000,10000,0,0,0,10000,10000,5000,10000,10000,10000,0,2500,2500,Si,100000,,Esha,
